抽离透传,闭环,深圳
垂直领域,布局,伦敦
底层逻辑,补位,广州
顶层设计,包装,香港
定性定量,沉淀,东莞
复用打法,刺激,澳门
关键路径,场景,惠州
归因分析,拆解,杭州
交付价值,串联,江门
结果导向,穿梭,北京
降维打击,吃透,上海
价值转化,抽象,广州
快速响应,重组,深圳
强化认知,倒逼,成都
去中心化,对标,重庆
如何收口,打法,杭州
生命周期,对焦,武汉
商业模式,对齐,西安
体验度量,打透,天津
完善逻辑,打通,苏州
信息屏障,调性,南京
资源倾斜,反哺,郑州
便捷性,反晡,长沙
差异化,分层,东莞
端到端,分发,沈阳
短平快,发力,青岛
点线面,赋能,合肥
方法论,复盘,佛山
感知度,辐射,合肥
护城河,复用,福州
结构化,分装,泉州
精细化,封装,厦门
颗粒度,共创,兰州
耦合性,共建,贵阳
平台化,格局,珠海
新生态,,惠州
引爆点,规模,中山
影响力,感知,南宁
易用性,合力,石家庄
一致性,话术,哈尔滨
组合拳,横向,长春
WXG,加持,常州
微信,集成,南通
,给到,无锡
机会成本,聚合,徐州
生产可能,聚焦,南昌
性边界,解耦,大连
需求,兼容,潍坊
供给,加速,济南
均衡价格,基因,临沂
供求定理,矩阵,烟台
最高限价,开拓,太原
最低限价,扩展,昆明
价格弹性,漏斗,嘉兴
交叉弹性,联动,金华
收入弹性,落地,绍兴
边际效用,量化,台州
消费剩余,链路,温州
无差曲线,拉通,大庆
预算线,履约,鞍山
边际代率,摸索,呼和浩特
消费曲线,模型,廊坊
恩格系数,纽带,保定
吉芬商品,破圈,邯郸
生产函数,皮实,邢台
等产量线,迁移,唐山
边际技术,融合,沧州
替代率,认知,秦皇岛
边际报酬,输出,菏泽
递减规律,试点,德州
等成本线,,淄博
扩展线,赛道,济宁
规模报酬,死磕,威海
隐含成本,梳理,新乡
长期,渗透,驻马店
边际收益,生态,信阳
正常利润,晌应,商丘
盈亏衡点,通道,南阳
价格歧视,体感,周口
拐折需求,提炼,洛阳
曲线模型,体系,咸阳
边际产品,维度,银川
产品价值,玩法,乌鲁木齐
边际收益,围绕,绵阳
收益产品,细分,宜昌
向后弯曲,心力,荆州
劳动供给,协同,襄阳
供给曲线,形态,马鞍山
经济租金,心智,安庆
准租金,因子,六安
洛伦曲线,支撑,蚌埠
基尼系数,抓手,芜湖
市场失灵,中台,阜阳
公共物品,载体,滁州
纯公共,战役,连云港
准公共,CPI,扬州
公共资源,PPI,泰州
外部性,GDP,盐城
科斯定理,GNP,宿迁
科斯定理,M1,淮安
逆向选择,M0,镇江
道德风险,PMI,宜春
抽离透传,闭环,九江
垂直领域,布局,赣州
底层逻辑,补位,上饶
顶层设计,包装,舟山
定性定量,沉淀,丽水
复用打法,刺激,湖州
关键路径,场景,衡阳
归因分析,拆解,岳阳
交付价值,串联,株洲
结果导向,穿梭,三明
降维打击,吃透,漳州
价值转化,抽象,宁德
快速响应,重组,莆田
强化认知,倒逼,潮州
去中心化,对标,汕头
如何收口,打法,清远
生命周期,对焦,江门
商业模式,对齐,揭阳
体验度量,打透,茂名
完善逻辑,打通,湛江
信息屏障,调性,肇庆
资源倾斜,反哺,遵义
便捷性,反晡,桂林
差异化,分层,柳州
端到端,分发,三亚
短平快,发力,吉林
点线面,赋能,伦敦
方法论,复盘,纽约
感知度,辐射,香港
护城河,复用,巴黎
结构化,分装,北京
精细化,封装,东京
颗粒度,共创,迪拜
耦合性,共建,新加坡
平台化,格局,上海
新生态,,悉尼
引爆点,规模,圣保罗
影响力,感知,米兰
易用性,合力,芝加哥
一致性,话术,墨西哥城
组合拳,横向,孟买
WXG,加持,莫斯科
微信,集成,法兰克福
,给到,马德里
机会成本,聚合,华沙
生产可能,聚焦,约内斯堡
性边界,解耦,多伦多
需求,兼容,首尔
供给,加速,伊斯坦布尔
均衡价格,基因,吉隆坡
供求定理,矩阵,雅加达
最高限价,开拓,阿姆斯特丹
最低限价,扩展,布鲁塞尔
价格弹性,漏斗,洛杉矶
交叉弹性,联动,都柏林
收入弹性,落地,墨尔本
边际效用,量化,华盛顿
消费剩余,链路,新德里
无差曲线,拉通,曼谷
预算线,履约,苏黎世
边际代率,摸索,维也纳
消费曲线,模型,台北
恩格系数,纽带,布宜诺斯艾利斯
吉芬商品,破圈,斯德哥尔摩
生产函数,皮实,旧金山
等产量线,迁移,广州
边际技术,融合,马尼拉
替代率,认知,圣菲波哥大
边际报酬,输出,迈阿密
递减规律,试点,卢森堡
等成本线,,阿拉伯利雅得
扩展线,赛道,圣地亚哥
规模报酬,死磕,巴塞罗那
隐含成本,梳理,特拉维夫
长期,渗透,里斯本
边际收益,生态,布拉格
正常利润,晌应,胡志明市
盈亏衡点,通道,波士顿
价格歧视,体感,哥本哈根
拐折需求,提炼,杜塞尔多夫
曲线模型,体系,雅典
边际产品,维度,慕尼黑
产品价值,玩法,亚特兰大
边际收益,围绕,布加勒斯特
收益产品,细分,赫尔辛基
向后弯曲,心力,布达佩斯
劳动供给,协同,基辅
供给曲线,形态,汉堡
经济租金,心智,班加罗尔
准租金,因子,罗马
洛伦曲线,支撑,奥斯陆
基尼系数,抓手,达拉斯
市场失灵,中台,开罗
公共物品,载体,休斯敦
纯公共,战役,利马
准公共,CPI,拉各斯
公共资源,PPI,加拉加斯
外部性,GDP,奥克兰
科斯定理,GNP,开普敦
科斯定理,M1,多哈
逆向选择,M0,卡拉奇
道德风险,PMI,日内瓦
